isolate	H_lower_sd	H_mean	H_higher_sd	S_lower_sd	S_mean	S_higher_sd	F_lower_sd	F_mean	F_higher_sd	Ph_lower_sd	Ph_mean	Ph_higher_sd
Aci110-G1	-0.057991947	0	0.12493874	-0.103896134	0.24715461	-0.1890562	0	0	-0.4890205	-0.091080469	0.01472326	0.12493874
Aci110-2	0	-0.0791812	0.69897	-0.0142404	0.18293068	0.01930516	-0.30103	0.07463362	-0.5006024	-0.2218487	-0.3222193	-0.4336556
Aci110-1	0.447158031	-0.74472749	-0.35218252	-4.06069784	-6.161368	-4.30103	0.14976232	-0.4586378	-0.2340832	-0.1413292	-0.3357921	-0.4149733
Aci110	-1	-1.05115252	-1.30103	-6.07918125	-5.77815125	-5.97772361	0	-0.13469857	-0.2787536	0.023481096	-0.09691001	-0.07918125
